{
    "handler": "Microsoft.Compute.MultiVm",
    "version": "0.1.2-preview",
    "parameters": {
        "basics": [
            {}
        ],
        "steps": [
            {
                "name": "locationConfig",
                "label": "Location settings",
                "subLabel": {
                    "preValidation": "Configure the Location settings",
                    "postValidation": "Done"
                },
                "bladeTitle": "Location settings",
                "elements": [
                    {
                        "name": "management",
                        "type": "Microsoft.Common.OptionsGroup",
                        "label": "Enable location management?",
                        "defaultValue": "Yes",
                        "toolTip": "Select Yes to set up location management",
                        "constraints": {
                            "allowedValues": [
                                {
                                    "label": "Yes",
                                    "value": "Yes"
                                },
                                {
                                    "label": "No",
                                    "value": "No"
                                }
                            ]
                        },
                        "visible": true
                    }
                ]
            }
        ],
        "outputs": {
        }
    }
}