{
    "handler": "Microsoft.Compute.MultiVm",
    "version": "0.1.2-preview",
    "parameters": {
        "basics": [
            {}
        ],
        "steps": [
            {
                "name": "confirmConfig",
                "label": "Confirmation",
                "subLabel": {
                    "preValidation": "Configure Confirmation settings",
                    "postValidation": "Done"
                },
                "bladeTitle": "Location settings",
                "elements": [
                    {
                        "name": "management",
                        "type": "Microsoft.Common.OptionsGroup",
                        "label": "Are you sure you want to install the ServiceNowConnect Application?",
                        "defaultValue": "",
                        "toolTip": "Select Yes to set up location management",
                        "constraints": {
                            "allowedValues": [
                                {
                                    "label": "Yes",
                                    "value": "Yes"
                                }
                            ]
                        },
                        "visible": true
                    }
                ]
            }
        ],
        "outputs": {
        }
    }
}