{
    "$schema": "https://schema.management.azure.com/schemas/2015-01-01/deploymentTemplate.json#",
    "contentVersion": "1.0.0.0",
    "parameters": {
		
        "sites_ServiceNowConnectWeb_name": {
            "defaultValue": "ServiceNowConnectWeb",
            "type": "String"
        },
        "servers_servicenowconnectsql_name": {
            "defaultValue": "servicenowconnectsql",
            "type": "String"
        },
        "serverfarms_ServiceNowConnectAppServicePlan_name": {
            "defaultValue": "ServiceNowConnectAppServicePlan",
            "type": "String"
        },
	"repoURL": {
	      "type": "string",
	      "defaultValue": "https://github.com/ACSDeployments/ServiceNowConnect.git",
	      "metadata": {
	        "description": "The URL for the GitHub repository that contains the project to deploy."
		}
	},
	"branch": {
	      "type": "string",
	      "defaultValue": "master",
	      "metadata": {
	        "description": "The branch of the GitHub repository to use."
		}
	},	
	  "databaseName":
		  {
	      	"type": "string",
	      	"defaultValue": "ServiceNowConnect"
		  },
		  "databaseLogin":
		  {
	      	"type": "string",
	      	"defaultValue": "servicenowconnect2019"
		  },
		  "databasePassword":
		  {
	      	"type": "string",
	      	"defaultValue": "4cs1tsmC0nn3ct$"
		  }
    },
    "variables": {},
    "resources": [
        {
            "type": "Microsoft.Sql/servers",
            "apiVersion": "2015-05-01-preview",
            "name": "[parameters('servers_servicenowconnectsql_name')]",
            "location": "eastus2",
            "kind": "v12.0",
            "properties": 
			{

        			"administratorLogin": "[parameters('databaseLogin')]",
        			"administratorLoginPassword": "[parameters('databasePassword')]",
                "version": "12.0"
            }
        },
        {
            "type": "Microsoft.Web/serverfarms",
            "apiVersion": "2016-09-01",
            "name": "[parameters('serverfarms_ServiceNowConnectAppServicePlan_name')]",
            "location": "East US 2",
            "sku": {
                "name": "S1",
                "tier": "Standard",
                "size": "S1",
                "family": "S",
                "capacity": 1
            },
            "kind": "app",
            "properties": {
                "name": "[parameters('serverfarms_ServiceNowConnectAppServicePlan_name')]",
                "perSiteScaling": false,
                "reserved": false,
                "targetWorkerCount": 0,
                "targetWorkerSizeId": 0
            }
        },
        {
            "type": "Microsoft.Sql/servers/databases",
            "apiVersion": "2017-03-01-preview",
            "name": "[concat(parameters('servers_servicenowconnectsql_name'), '/ServiceNowConnect')]",
            "location": "eastus2",
            "dependsOn": [
                "[resourceId('Microsoft.Sql/servers', parameters('servers_servicenowconnectsql_name'))]"
            ],
            "sku": {
                "name": "Basic",
                "tier": "Basic"
            },
            "kind": "v12.0,user",
            "properties": {
                "collation": "SQL_Latin1_General_CP1_CI_AS",
                "maxSizeBytes": 2147483648,
                "catalogCollation": "SQL_Latin1_General_CP1_CI_AS",
                "zoneRedundant": false
            }
        },
        {
            "type": "Microsoft.Sql/servers/firewallRules",
            "apiVersion": "2015-05-01-preview",
            "name": "[concat(parameters('servers_servicenowconnectsql_name'), '/AllowAllWindowsAzureIps')]",
            "dependsOn": [
                "[resourceId('Microsoft.Sql/servers', parameters('servers_servicenowconnectsql_name'))]"
            ],
            "properties": {
                "startIpAddress": "0.0.0.0",
                "endIpAddress": "0.0.0.0"
            }
        },
        {
            "type": "Microsoft.Web/sites",
            "apiVersion": "2016-08-01",
            "name": "[parameters('sites_ServiceNowConnectWeb_name')]",
            "location": "East US 2",
            "dependsOn": [
                "[resourceId('Microsoft.Web/serverfarms', parameters('serverfarms_ServiceNowConnectAppServicePlan_name'))]"
            ],
			
            "kind": "app",
            "properties": {
                "enabled": true,
                "hostNameSslStates": [
                    {
                        "name": "servicenowconnectweb.azurewebsites.net",
                        "sslState": "Disabled",
                        "hostType": "Standard"
                    },
                    {
                        "name": "servicenowconnectweb.scm.azurewebsites.net",
                        "sslState": "Disabled",
                        "hostType": "Repository"
                    }
                ],
                "serverFarmId": "[resourceId('Microsoft.Web/serverfarms', parameters('serverfarms_ServiceNowConnectAppServicePlan_name'))]",
                "reserved": false,
                "scmSiteAlsoStopped": false,
                "clientAffinityEnabled": true,
                "clientCertEnabled": false,
                "hostNamesDisabled": false,
                "containerSize": 0,
                "dailyMemoryTimeQuota": 0,
                "httpsOnly": false
            },
			 "resources": [
		        {
		          "apiVersion": "2016-03-01",
		          "type": "config",
		          "name": "connectionstrings",
		          "dependsOn": [
		            "[parameters('sites_ServiceNowConnectWeb_name')]"
		          ],
		          "properties": {
		            "ServiceNowConnectConnectionString": {
		              "value": "[concat('Data Source=tcp:', reference(concat('Microsoft.Sql/servers/', parameters('servers_servicenowconnectsql_name'))).fullyQualifiedDomainName, ',1433;Initial Catalog=', parameters('databaseName'), ';User Id=', parameters('databaseLogin'), '@', reference(concat('Microsoft.Sql/servers/', parameters('servers_servicenowconnectsql_name'))).fullyQualifiedDomainName, ';Password=', parameters('databasePassword'), ';')]",
		              "type": "SQLAzure"
		            }
		          }
				  
		        },
				{  
				   "apiVersion":"2015-08-01",
				   "name":"web",
				   "type":"sourcecontrols",
				   "dependsOn":[  
				      "[resourceId('Microsoft.Web/Sites', parameters('siteName'))]"
				   ],
				   "properties":{  
				      "RepoUrl":"[parameters('repoURL')]",
				      "branch":"[parameters('branch')]",
				      "IsManualIntegration":true ,
					  "deploymentRollbackEnabled":true,
					  "isMercurial":false
				   }
				}
		      ]
        },
        {
            "type": "Microsoft.Web/sites/config",
            "apiVersion": "2016-08-01",
            "name": "[concat(parameters('sites_ServiceNowConnectWeb_name'), '/web')]",
            "location": "East US 2",
            "dependsOn": [
                "[resourceId('Microsoft.Web/sites', parameters('sites_ServiceNowConnectWeb_name'))]"
            ],
            "properties": {
                "numberOfWorkers": 1,
                "defaultDocuments": [
					"default.aspx",
                    "Default.htm",
                    "Default.html",
                    "Default.asp",
                    "index.htm",
                    "index.html",
                    "iisstart.htm",
                    "index.php",
                    "hostingstart.html"
                ],
                "netFrameworkVersion": "v4.0",
                "phpVersion": "5.6",
                "pythonVersion": "",
                "nodeVersion": "",
                "linuxFxVersion": "",
                "requestTracingEnabled": false,
                "remoteDebuggingEnabled": false,
                "remoteDebuggingVersion": "VS2017",
                "httpLoggingEnabled": false,
                "logsDirectorySizeLimit": 35,
                "detailedErrorLoggingEnabled": false,
                "publishingUsername": "$ServiceNowConnectWeb",
                "scmType": "None",
                "use32BitWorkerProcess": false,
                "webSocketsEnabled": true,
                "alwaysOn": true,
                "appCommandLine": "",
                "managedPipelineMode": "Integrated",
                "virtualApplications": [
                    {
                        "virtualPath": "/",
                        "physicalPath": "site\\wwwroot",
                        "preloadEnabled": true,
                        "virtualDirectories": null
                    }
                ],
                "winAuthAdminState": 0,
                "winAuthTenantState": 0,
                "customAppPoolIdentityAdminState": false,
                "customAppPoolIdentityTenantState": false,
                "loadBalancing": "LeastRequests",
                "routingRules": [],
                "experiments": {
                    "rampUpRules": []
                },
                "autoHealEnabled": false,
                "vnetName": "",
                "siteAuthEnabled": false,
                "siteAuthSettings": {
                    "enabled": null,
                    "unauthenticatedClientAction": null,
                    "tokenStoreEnabled": null,
                    "allowedExternalRedirectUrls": null,
                    "defaultProvider": null,
                    "clientId": null,
                    "clientSecret": null,
                    "clientSecretCertificateThumbprint": null,
                    "issuer": null,
                    "allowedAudiences": null,
                    "additionalLoginParams": null,
                    "isAadAutoProvisioned": false,
                    "googleClientId": null,
                    "googleClientSecret": null,
                    "googleOAuthScopes": null,
                    "facebookAppId": null,
                    "facebookAppSecret": null,
                    "facebookOAuthScopes": null,
                    "twitterConsumerKey": null,
                    "twitterConsumerSecret": null,
                    "microsoftAccountClientId": null,
                    "microsoftAccountClientSecret": null,
                    "microsoftAccountOAuthScopes": null
                },
                "localMySqlEnabled": false,
                "http20Enabled": true,
                "minTlsVersion": "1.2",
                "ftpsState": "Disabled",
                "reservedInstanceCount": 0
            }
        },
        {
            "type": "Microsoft.Web/sites/hostNameBindings",
            "apiVersion": "2016-08-01",
            "name": "[concat(parameters('sites_ServiceNowConnectWeb_name'), '/', parameters('sites_ServiceNowConnectWeb_name'), '.azurewebsites.net')]",
            "location": "East US 2",
            "dependsOn": [
                "[resourceId('Microsoft.Web/sites', parameters('sites_ServiceNowConnectWeb_name'))]"
            ],
            "properties": {
                "siteName": "ServiceNowConnectWeb",
                "hostNameType": "Verified"
            }
        }
    ]
}