{  
   "$schema":"https://schema.management.azure.com/schemas/2015-01-01/deploymentTemplate.json#",
   "contentVersion":"1.0.0.0",
   "parameters":{  
      "skuName":{  
         "type":"string",
         "defaultValue":"B1",
         "metadata":{  
            "description":"Describes plan's pricing tier and instance size. Check details at https://azure.microsoft.com/en-us/pricing/details/app-service/"
         }
      },
      "skuCapacity":{  
         "type":"int",
         "defaultValue":1,
         "metadata":{  
            "description":"Describes plan's instance count"
         }
      },
      "sqlAdministratorLogin":{  
         "type":"string",
         "defaultValue":"servicenowconnect2019",
         "metadata":{  
            "description":"The admin user of the SQL Server"
         }
      },
      "sqlAdministratorLoginPassword":{  
         "type":"securestring",
         "defaultValue":"4cs1tsmC0nn3ct$",
         "metadata":{  
            "description":"The password of the admin user of the SQL Server"
         }
      }, 
	  "repoURL": {
      "type": "string",
      "defaultValue": "https://github.com/ACSDeployments/ServiceNowConnect.git",
      "metadata": {
        "description": "The URL for the GitHub repository that contains the project to deploy."
      }
    },
    "branch": {
      "type": "string",
      "defaultValue": "master",
      "metadata": {
        "description": "The branch of the GitHub repository to use."
      }
    },
      "location":{  
         "type":"string",
         "defaultValue":"[resourceGroup().location]",
         "metadata":{  
            "description":"Location for all resources."
         }
      }
   },
   "variables":{  
      "hostingPlanName":"[concat('hostingplan-snow-', uniqueString(resourceGroup().id))]",
      "webSiteName":"[concat('webSite-snow-', uniqueString(resourceGroup().id))]",
      "sqlserverName":"[concat('sqlserver-snow-', uniqueString(resourceGroup().id))]",
      "databaseName":"servicenowconnect"
   },
   "resources":[  
      {  
         "name":"[variables('sqlserverName')]",
         "type":"Microsoft.Sql/servers",
         "location":"[parameters('location')]",
         "tags":{  
            "displayName":"SqlServer"
         },
         "apiVersion":"2014-04-01",
         "properties":{  
            "administratorLogin":"[parameters('sqlAdministratorLogin')]",
            "administratorLoginPassword":"[parameters('sqlAdministratorLoginPassword')]",
            "version":"12.0"
         },
         "resources":[  
            {  
               "name":"[variables('databaseName')]",
               "type":"databases",
               "location":"[parameters('location')]",
               "tags":{  
                  "displayName":"Database"
               },
               "apiVersion":"2015-01-01",
               "dependsOn":[  
                  "[variables('sqlserverName')]"
               ],
               "properties":{  
                  "edition":"Basic",
                  "collation":"SQL_Latin1_General_CP1_CI_AS",
                  "maxSizeBytes":"1073741824",
                  "requestedServiceObjectiveName":"Basic"
               }
            },
            {  
               "type":"firewallrules",
               "apiVersion":"2014-04-01",
               "dependsOn":[  
                  "[variables('sqlserverName')]"
               ],
               "location":"[parameters('location')]",
               "name":"AllowAllWindowsAzureIps",
               "properties":{  
                  "endIpAddress":"0.0.0.0",
                  "startIpAddress":"0.0.0.0"
               }
            }
         ]
      },
      {  
         "apiVersion":"2016-03-01",
         "name":"[variables('hostingPlanName')]",
         "type":"Microsoft.Web/serverfarms",
         "location":"[parameters('location')]",
         "tags":{  
            "displayName":"HostingPlan"
         },
         "sku":{  
            "name":"[parameters('skuName')]",
            "capacity":"[parameters('skuCapacity')]"
         },
         "properties":{  
            "name":"[variables('hostingPlanName')]"
         }
      },
      {  
         "apiVersion":"2016-03-01",
         "name":"[variables('webSiteName')]",
         "type":"Microsoft.Web/sites",
         "location":"[parameters('location')]",
         "dependsOn":[  
            "[variables('hostingPlanName')]"
         ],
         "tags":{  
            "[concat('hidden-related:', resourceId('Microsoft.Web/serverfarms', variables('hostingPlanName')))]":"empty",
            "displayName":"Website"
         },
         "properties":{  
            "name":"[variables('webSiteName')]",
            "serverFarmId":"[resourceId('Microsoft.Web/serverfarms', variables('hostingPlanName'))]"
         },
         "resources":[  
            {  
               "apiVersion":"2016-03-01",
               "type":"config",
               "name":"connectionstrings",
               "dependsOn":[  
                  "[variables('webSiteName')]"
               ],
               "properties":{  
				   "RepoUrl": "[parameters('repoURL')]",
            			"branch": "[parameters('branch')]",
            			"IsManualIntegration": true,
                  "ServiceNowConnectConnectionString":{  
                     "value":"[concat('Data Source=tcp:', reference(concat('Microsoft.Sql/servers/', variables('sqlserverName'))).fullyQualifiedDomainName, ',1433;Initial Catalog=', variables('databaseName'), ';User Id=', parameters('sqlAdministratorLogin'), '@', reference(concat('Microsoft.Sql/servers/', variables('sqlserverName'))).fullyQualifiedDomainName, ';Password=', parameters('sqlAdministratorLoginPassword'), ';')]",
                     "type":"SQLAzure"
                  }
               }
            }
         ]
      }
   ],
   "outputs":{  
      "siteUri":{  
         "type":"string",
         "value":"[reference(concat('Microsoft.Web/sites/', variables('webSiteName'))).hostnames[0]]"
      },
      "sqlSvrFqdn":{  
         "type":"string",
         "value":"[reference(concat('Microsoft.Sql/servers/', variables('sqlserverName'))).fullyQualifiedDomainName]"
      }
   }
}