{  
   "$schema":"https://schema.management.azure.com/schemas/2015-01-01/deploymentTemplate.json#",
   "contentVersion":"1.0.0.0",
   "parameters":{  
      "skuName":{  
         "type":"string",
         "defaultValue":"B1",
         "allowedValues":[  
            "F1",
            "D1",
            "B1",
            "B2",
            "B3",
            "S1",
            "S2",
            "S3",
            "P1",
            "P2",
            "P3",
            "P4"
         ],
         "metadata":{  
            "description":"Describes plan's pricing tier and instance size. Check details at https://azure.microsoft.com/en-us/pricing/details/app-service/"
         }
      },
      "skuCapacity":{  
         "type":"int",
         "defaultValue":1,
         "minValue":1,
         "metadata":{  
            "description":"Describes plan's instance count"
         }
      },
      "sqlAdministratorLogin":{  
         "type":"string",
         "defaultValue":"servicenowconnect",
         "metadata":{  
            "description":"The admin user of the SQL Server"
         }
      },
      "sqlAdministratorLoginPassword":{  
         "type":"securestring",
         "defaultValue":"4cs1tsmC0nn3ct$",
         "metadata":{  
            "description":"The password of the admin user of the SQL Server"
         }
      },
      "repoURL":{  
         "type":"string",
         "defaultValue":"https://github.com/ACSDeployments/ServiceNowConnect.git",
         "metadata":{  
            "description":"The URL for the GitHub repository that contains the project to deploy."
         }
      },
      "branch":{  
         "type":"string",
         "defaultValue":"master",
         "metadata":{  
            "description":"The branch of the GitHub repository to use."
         }
      },
      "location":{  
         "type":"string",
         "defaultValue":"[resourceGroup().location]",
         "metadata":{  
            "description":"Location for all resources."
         }
      }
   },
   "variables":{  
      "hostingPlanName":"ServiceNowConnectAppService",
      "webSiteName":"ServiceNowConnectWeb",
      "sqlserverName":"servicenowconnectsql",
      "databaseName":"ServiceNowConnect"
   },
   "resources":[  
      {  
         "name":"[variables('sqlserverName')]",
         "type":"Microsoft.Sql/servers",
         "location":"[parameters('location')]",
         "tags":{  
            "displayName":"SqlServer"
         },
         "apiVersion":"2014-04-01",
         "properties":{  
            "administratorLogin":"[parameters('sqlAdministratorLogin')]",
            "administratorLoginPassword":"[parameters('sqlAdministratorLoginPassword')]",
            "version":"12.0"
         },
         "resources":[  
            {  
               "name":"[variables('databaseName')]",
               "type":"databases",
               "location":"[parameters('location')]",
               "tags":{  
                  "displayName":"Database"
               },
               "apiVersion":"2015-01-01",
               "dependsOn":[  
                  "[variables('sqlserverName')]"
               ],
               "properties":{  
                  "edition":"Basic",
                  "collation":"SQL_Latin1_General_CP1_CI_AS",
                  "maxSizeBytes":"1073741824",
                  "requestedServiceObjectiveName":"Basic"
               }
            },
            {  
               "type":"firewallrules",
               "apiVersion":"2014-04-01",
               "dependsOn":[  
                  "[variables('sqlserverName')]"
               ],
               "location":"[parameters('location')]",
               "name":"AllowAllWindowsAzureIps",
               "properties":{  
                  "endIpAddress":"0.0.0.0",
                  "startIpAddress":"0.0.0.0"
               }
            }
         ]
      },
      {  
         "apiVersion":"2016-03-01",
         "name":"[variables('hostingPlanName')]",
         "type":"Microsoft.Web/serverfarms",
         "location":"East US 2",
         "tags":{  
            "displayName":"HostingPlan"
         },
         "sku":{  
            "name":"[parameters('skuName')]",
            "capacity":"[parameters('skuCapacity')]"
         },
         "properties":{  
            "name":"[variables('hostingPlanName')]"
         }
      },
      {  
         "apiVersion":"2016-08-01",
         "name":"[variables('webSiteName')]",
         "type":"Microsoft.Web/sites",
         "location":"East US 2",
         "dependsOn":[  
            "[variables('hostingPlanName')]"
         ],
         "tags":{  
            "[concat('hidden-related:', resourceId('Microsoft.Web/serverfarms', variables('hostingPlanName')))]":"empty",
            "displayName":"Website"
         },
         "properties":{  
            "name":"[variables('webSiteName')]",
            "serverFarmId":"[resourceId('Microsoft.Web/serverfarms', variables('hostingPlanName'))]"
         },
         "resources":[  
            {  
               "apiVersion":"2016-08-01",
               "type":"config",
               "name":"connectionstrings",
               "dependsOn":[  
                  "[variables('webSiteName')]"
               ],
               "properties":{  
                  "RepoUrl":"[parameters('repoURL')]",
                  "branch":"[parameters('branch')]",
                  "IsManualIntegration":true,
                  "ServiceNowConnectConnectionString":{  
                     "value":"[concat('Data Source=tcp:', reference(concat('Microsoft.Sql/servers/', variables('sqlserverName'))).fullyQualifiedDomainName, ',1433;Initial Catalog=', variables('databaseName'), ';User Id=', parameters('sqlAdministratorLogin'), '@', reference(concat('Microsoft.Sql/servers/', variables('sqlserverName'))).fullyQualifiedDomainName, ';Password=', parameters('sqlAdministratorLoginPassword'), ';')]",
                     "type":"SQLAzure"
                  }
               }
            }
         ]
      },
      {  
         "apiVersion":"2015-04-01",
         "name":"[concat(variables('hostingPlanName'), '-', resourceGroup().name)]",
         "type":"Microsoft.Insights/autoscalesettings",
         "location":"East US 2",
         "tags":{  
            "[concat('hidden-link:', resourceId('Microsoft.Web/serverfarms', variables('hostingPlanName')))]":"Resource",
            "displayName":"AutoScaleSettings"
         },
         "dependsOn":[  
            "[variables('hostingPlanName')]"
         ],
         "properties":{  
            "profiles":[  
               {  
                  "name":"Default",
                  "capacity":{  
                     "minimum":1,
                     "maximum":2,
                     "default":1
                  },
                  "rules":[  
                     {  
                        "metricTrigger":{  
                           "metricName":"CpuPercentage",
                           "metricResourceUri":"[resourceId('Microsoft.Web/serverfarms', variables('hostingPlanName'))]",
                           "timeGrain":"PT1M",
                           "statistic":"Average",
                           "timeWindow":"PT10M",
                           "timeAggregation":"Average",
                           "operator":"GreaterThan",
                           "threshold":80.0
                        },
                        "scaleAction":{  
                           "direction":"Increase",
                           "type":"ChangeCount",
                           "value":1,
                           "cooldown":"PT10M"
                        }
                     },
                     {  
                        "metricTrigger":{  
                           "metricName":"CpuPercentage",
                           "metricResourceUri":"[resourceId('Microsoft.Web/serverfarms', variables('hostingPlanName'))]",
                           "timeGrain":"PT1M",
                           "statistic":"Average",
                           "timeWindow":"PT1H",
                           "timeAggregation":"Average",
                           "operator":"LessThan",
                           "threshold":60.0
                        },
                        "scaleAction":{  
                           "direction":"Decrease",
                           "type":"ChangeCount",
                           "value":1,
                           "cooldown":"PT1H"
                        }
                     }
                  ]
               }
            ],
            "enabled":false,
            "name":"[concat(variables('hostingPlanName'), '-', resourceGroup().name)]",
            "targetResourceUri":"[resourceId('Microsoft.Web/serverfarms', variables('hostingPlanName'))]"
         }
      }
   ],
   "outputs":{  

   }
}